[
    {
        "condition": {
            "typeReachable": "org.sqlite.core.NativeDB"
        },
        "name":"org.sqlite.core.NativeDB",
        "fields":[
            {"name":"busyHandler"},
            {"name":"commitListener"},
            {"name":"pointer"},
            {"name":"progressHandler"},
            {"name":"updateListener"}
        ],
        "methods":[
            {"name":"stringToUtf8ByteArray","parameterTypes":["java.lang.String"] },
            {"name":"throwex","parameterTypes":["java.lang.String"] }
        ]
    },
    {
        "condition": {
            "typeReachable": "org.sqlite.core.NativeDB"
        },
        "name":"org.sqlite.core.DB",
        "methods":[
            {"name":"onCommit","parameterTypes":["boolean"] },
            {"name":"onUpdate","parameterTypes":["int","java.lang.String","java.lang.String","long"] },
            {"name":"throwex","parameterTypes":[] },
            {"name":"throwex","parameterTypes":["int"] }
        ]
    },
    {
        "condition": {
            "typeReachable": "org.sqlite.core.NativeDB"
        },
        "name":"org.sqlite.Function",
        "fields":[
            {"name":"args"},
            {"name":"context"},
            {"name":"value"}
        ],
        "methods":[{"name":"xFunc","parameterTypes":[] }]
    },
    {
        "condition": {
            "typeReachable": "org.sqlite.core.NativeDB"
        },
        "name":"org.sqlite.Collation",
        "methods":[{"name":"xCompare","parameterTypes":["java.lang.String","java.lang.String"] }]
    },
    {
        "condition": {
            "typeReachable": "org.sqlite.core.NativeDB"
        },
        "name":"org.sqlite.Function$Aggregate",
        "methods":[
            {"name":"clone","parameterTypes":[] },
            {"name":"xFinal","parameterTypes":[] },
            {"name":"xStep","parameterTypes":[] }
        ]
    },
    {
        "condition": {
            "typeReachable": "org.sqlite.core.NativeDB"
        },
        "name":"org.sqlite.Function$Window",
        "methods":[
            {"name":"xInverse","parameterTypes":[] },
            {"name":"xValue","parameterTypes":[] }
        ]
    },
    {
        "condition": {
            "typeReachable": "org.sqlite.core.NativeDB"
        },
        "name":"org.sqlite.core.DB$ProgressObserver",
        "methods":[{"name":"progress","parameterTypes":["int","int"] }]
    },
    {
        "condition": {
            "typeReachable": "org.sqlite.core.NativeDB"
        },
        "name":"org.sqlite.ProgressHandler",
        "methods":[{"name":"progress","parameterTypes":[] }]
    },
    {
        "condition": {
            "typeReachable": "org.sqlite.core.NativeDB"
        },
        "name":"org.sqlite.BusyHandler",
        "methods":[{"name":"callback","parameterTypes":["int"] }]
    },
    {
        "condition": {
            "typeReachable": "org.sqlite.core.NativeDB"
        },
        "name":"java.lang.Throwable",
        "methods":[{"name":"toString","parameterTypes":[] }]
    },
    {
        "condition": {
            "typeReachable": "org.sqlite.core.NativeDB"
        },
        "name":"boolean[]"
    }
]
